{
    "code": 200,
    "body": "{\"alert_msg\":\"\",\"broadcast\":[],\"cart\":{\"agent_fee_tip\":\"另需配送费2元\",\"deliver_amount\":1024.5,\"discount_amount\":-70.12,\"extra\":[{\"category_id\":102,\"description\":\"\",\"icon\":{\"color\":\"62cb92\",\"image_hash\":\"\",\"name\":\"包装\"},\"id\":-70000,\"max_quantity\":1,\"name\":\"餐盒\",\"original_price\":66,\"price\":66,\"quantity\":1,\"type\":0}],\"group\":[[{\"act_tags\":[],\"activities\":[{\"category_id\":11,\"icon\":{\"color\":\"#FAA43C\",\"name\":\"折\"},\"id\":1217334266,\"max_quantity\":5,\"name\":\"单品折扣\",\"original_price\":-5.12,\"price\":-5.12,\"quantity\":5,\"type\":1}],\"attrs\":[],\"beyond_time_peroid\":0,\"category_id\":1,\"discount_amount\":0,\"garnish\":[],\"group_id\":511805108,\"id\":549811470,\"image_hash\":\"b2636f96c2b16e7cba87cdceab5df35cjpeg\",\"is_sold_out\":0,\"is_understock\":0,\"is_valid\":1,\"min_purchase_quantity\":1,\"name\":\"辣子鸡丁煲仔饭\",\"new_specs\":[],\"price\":16,\"quantity\":15,\"scheme\":\"eleme://catering?target_food_id=549811470&restaurant_id=150159552&category_id=511805108\",\"sku_id\":\"163366944873\",\"specs\":[],\"stock\":10000,\"total_discount_amount\":0,\"total_price\":240},{\"act_tags\":[],\"activities\":[],\"attrs\":[],\"beyond_time_peroid\":0,\"category_id\":1,\"discount_amount\":0,\"garnish\":[],\"group_id\":511803155,\"id\":1378486733,\"image_hash\":\"2d28b16061476134fd3766af29ae478ajpeg\",\"is_sold_out\":0,\"is_understock\":0,\"is_valid\":1,\"min_purchase_quantity\":1,\"name\":\"热狗\",\"new_specs\":[],\"price\":1.5,\"quantity\":23,\"scheme\":\"eleme://catering?target_food_id=1378486733&restaurant_id=150159552&category_id=511803155\",\"sku_id\":\"200000182770447465\",\"specs\":[],\"stock\":9940,\"total_discount_amount\":0,\"total_price\":34.5},{\"act_tags\":[],\"activities\":[],\"attrs\":[],\"beyond_time_peroid\":0,\"category_id\":1,\"discount_amount\":0,\"garnish\":[],\"group_id\":511806108,\"id\":549806887,\"image_hash\":\"6e3bf8c0bc701eb07f1e7a9e4c6d8724jpeg\",\"is_sold_out\":0,\"is_understock\":0,\"is_valid\":1,\"min_purchase_quantity\":1,\"name\":\"王老吉\",\"new_specs\":[],\"price\":4,\"quantity\":8,\"scheme\":\"eleme://catering?target_food_id=549806887&restaurant_id=150159552&category_id=511806108\",\"sku_id\":\"163362251881\",\"specs\":[],\"stock\":9995,\"total_discount_amount\":0,\"total_price\":32},{\"act_tags\":[],\"activities\":[],\"attrs\":[],\"beyond_time_peroid\":0,\"category_id\":1,\"discount_amount\":0,\"garnish\":[],\"group_id\":511806108,\"id\":549806888,\"image_hash\":\"923a6dc9bbdf6cda5976fb12af41a515jpeg\",\"is_sold_out\":0,\"is_understock\":0,\"is_valid\":1,\"min_purchase_quantity\":1,\"name\":\"雪碧\",\"new_specs\":[],\"price\":3,\"quantity\":12,\"scheme\":\"eleme://catering?target_food_id=549806888&restaurant_id=150159552&category_id=511806108\",\"sku_id\":\"163362252905\",\"specs\":[],\"stock\":9979,\"total_discount_amount\":0,\"total_price\":36},{\"act_tags\":[],\"activities\":[],\"attrs\":[],\"beyond_time_peroid\":0,\"category_id\":1,\"discount_amount\":0,\"garnish\":[],\"group_id\":511806108,\"id\":549809761,\"image_hash\":\"b9048236f51aea69953200edfb2c33b5jpeg\",\"is_sold_out\":0,\"is_understock\":0,\"is_valid\":1,\"min_purchase_quantity\":1,\"name\":\"怡宝\",\"new_specs\":[],\"price\":2,\"quantity\":8,\"scheme\":\"eleme://catering?target_food_id=549809761&restaurant_id=150159552&category_id=511806108\",\"sku_id\":\"163365194857\",\"specs\":[],\"stock\":9951,\"total_discount_amount\":0,\"total_price\":16},{\"act_tags\":[],\"activities\":[],\"attrs\":[],\"beyond_time_peroid\":0,\"category_id\":1,\"discount_amount\":0,\"garnish\":[],\"group_id\":511803155,\"id\":549807759,\"image_hash\":\"32b44f8114857b7215c60fd0d99546c4jpeg\",\"is_sold_out\":0,\"is_understock\":0,\"is_valid\":1,\"min_purchase_quantity\":1,\"name\":\"荷包蛋\",\"new_specs\":[],\"price\":2,\"quantity\":3,\"scheme\":\"eleme://catering?target_food_id=549807759&restaurant_id=150159552&category_id=511803155\",\"sku_id\":\"163363144809\",\"specs\":[],\"stock\":9294,\"total_discount_amount\":0,\"total_price\":6},{\"act_tags\":[],\"activities\":[],\"attrs\":[],\"beyond_time_peroid\":0,\"category_id\":1,\"discount_amount\":0,\"garnish\":[],\"group_id\":511803155,\"id\":1432681738,\"image_hash\":\"646a1d2c804dd0f76f535ad7b214b993jpeg\",\"is_sold_out\":0,\"is_understock\":0,\"is_valid\":1,\"min_purchase_quantity\":1,\"name\":\"无骨鸡柳\",\"new_specs\":[],\"price\":2,\"quantity\":3,\"scheme\":\"eleme://catering?target_food_id=1432681738&restaurant_id=150159552&category_id=511803155\",\"sku_id\":\"200000238266087529\",\"specs\":[],\"stock\":9910,\"total_discount_amount\":0,\"total_price\":6},{\"act_tags\":[],\"activities\":[],\"attrs\":[],\"beyond_time_peroid\":0,\"category_id\":1,\"discount_amount\":0,\"garnish\":[],\"group_id\":511806105,\"id\":549807748,\"image_hash\":\"e1ebd05b21358c48485eac9f3d63bbecjpeg\",\"is_sold_out\":0,\"is_understock\":0,\"is_valid\":1,\"min_purchase_quantity\":1,\"name\":\"肉末茄子\",\"new_specs\":[],\"price\":18,\"quantity\":3,\"scheme\":\"eleme://catering?target_food_id=549807748&restaurant_id=150159552&category_id=511806105\",\"sku_id\":\"163363133545\",\"specs\":[],\"stock\":9956,\"total_discount_amount\":0,\"total_price\":54},{\"act_tags\":[],\"activities\":[{\"category_id\":11,\"icon\":{\"color\":\"#8b79e3\",\"name\":\"特\"},\"id\":323863330,\"max_quantity\":3,\"name\":\"6.8折优惠\",\"original_price\":-5.12,\"price\":-5.12,\"quantity\":3,\"type\":1}],\"attrs\":[],\"beyond_time_peroid\":0,\"category_id\":1,\"discount_amount\":0,\"garnish\":[],\"group_id\":511805108,\"id\":549810610,\"image_hash\":\"f1552daa2a275f572cce37d33210d232jpeg\",\"is_sold_out\":0,\"is_understock\":0,\"is_valid\":1,\"min_purchase_quantity\":1,\"name\":\"干炒鱼虾煲仔饭\",\"new_specs\":[],\"price\":16,\"quantity\":3,\"scheme\":\"eleme://catering?target_food_id=549810610&restaurant_id=150159552&category_id=511805108\",\"sku_id\":\"163366064233\",\"specs\":[],\"stock\":9982,\"total_discount_amount\":0,\"total_price\":48},{\"act_tags\":[],\"activities\":[{\"category_id\":11,\"icon\":{\"color\":\"#FAA43C\",\"name\":\"折\"},\"id\":1217334250,\"max_quantity\":1,\"name\":\"单品折扣\",\"original_price\":-4.8,\"price\":-4.8,\"quantity\":1,\"type\":1}],\"attrs\":[],\"beyond_time_peroid\":0,\"category_id\":1,\"discount_amount\":0,\"garnish\":[],\"group_id\":511805108,\"id\":549811468,\"image_hash\":\"cb1e5373295cb76a5a3ee8b398b232d9jpeg\",\"is_sold_out\":0,\"is_understock\":0,\"is_valid\":1,\"min_purchase_quantity\":1,\"name\":\"香辣鱿鱼煲仔饭\",\"new_specs\":[],\"price\":15,\"quantity\":3,\"scheme\":\"eleme://catering?target_food_id=549811468&restaurant_id=150159552&category_id=511805108\",\"sku_id\":\"163366942825\",\"specs\":[],\"stock\":9857,\"total_discount_amount\":0,\"total_price\":45},{\"act_tags\":[],\"activities\":[],\"attrs\":[],\"beyond_time_peroid\":0,\"category_id\":1,\"discount_amount\":0,\"garnish\":[],\"group_id\":511805108,\"id\":611026129,\"image_hash\":\"bac7d460d6a90672e2c8f623c889a0f6jpeg\",\"is_sold_out\":0,\"is_understock\":0,\"is_valid\":1,\"min_purchase_quantity\":1,\"name\":\"滑炒鸡丁煲仔饭\",\"new_specs\":[],\"price\":15,\"quantity\":3,\"scheme\":\"eleme://catering?target_food_id=611026129&restaurant_id=150159552&category_id=511805108\",\"sku_id\":\"226050755689\",\"specs\":[],\"stock\":10000,\"total_discount_amount\":0,\"total_price\":45},{\"act_tags\":[],\"activities\":[],\"attrs\":[],\"beyond_time_peroid\":0,\"category_id\":1,\"discount_amount\":0,\"garnish\":[],\"group_id\":511805108,\"id\":1227993464,\"image_hash\":\"7a4417d003f8fbf1ebc27dfac0f2572cjpeg\",\"is_sold_out\":0,\"is_understock\":0,\"is_valid\":1,\"min_purchase_quantity\":1,\"name\":\"梅菜扣肉煲仔饭\",\"new_specs\":[],\"price\":15,\"quantity\":2,\"scheme\":\"eleme://catering?target_food_id=1227993464&restaurant_id=150159552&category_id=511805108\",\"sku_id\":\"200000028665307241\",\"specs\":[],\"stock\":9994,\"total_discount_amount\":0,\"total_price\":30},{\"act_tags\":[],\"activities\":[],\"attrs\":[],\"beyond_time_peroid\":0,\"category_id\":1,\"discount_amount\":0,\"garnish\":[],\"group_id\":511805108,\"id\":549807739,\"image_hash\":\"91dc728fb2372386c1a0835a9dae65d7jpeg\",\"is_sold_out\":0,\"is_understock\":0,\"is_valid\":1,\"min_purchase_quantity\":1,\"name\":\"杏鲍菇炒肉煲仔饭\",\"new_specs\":[],\"price\":14,\"quantity\":3,\"scheme\":\"eleme://catering?target_food_id=549807739&restaurant_id=150159552&category_id=511805108\",\"sku_id\":\"163363124329\",\"specs\":[],\"stock\":9998,\"total_discount_amount\":0,\"total_price\":42},{\"act_tags\":[],\"activities\":[],\"attrs\":[],\"beyond_time_peroid\":0,\"category_id\":1,\"discount_amount\":0,\"garnish\":[],\"group_id\":511805108,\"id\":1227993442,\"image_hash\":\"be1742c67b2963d071ee14bbf34e0facjpeg\",\"is_sold_out\":0,\"is_understock\":0,\"is_valid\":1,\"min_purchase_quantity\":1,\"name\":\"蒜苗炒培根煲仔饭\",\"new_specs\":[],\"price\":15,\"quantity\":2,\"scheme\":\"eleme://catering?target_food_id=1227993442&restaurant_id=150159552&category_id=511805108\",\"sku_id\":\"200000028665284713\",\"specs\":[],\"stock\":9988,\"total_discount_amount\":0,\"total_price\":30},{\"act_tags\":[],\"activities\":[],\"attrs\":[],\"beyond_time_peroid\":0,\"category_id\":1,\"discount_amount\":0,\"garnish\":[],\"group_id\":511805108,\"id\":1227999591,\"image_hash\":\"18ac8dd35d1224214b2b29076451eb2cjpeg\",\"is_sold_out\":0,\"is_understock\":0,\"is_valid\":1,\"min_purchase_quantity\":1,\"name\":\"萝卜干炒蛋煲仔饭\",\"new_specs\":[],\"price\":11,\"quantity\":2,\"scheme\":\"eleme://catering?target_food_id=1227999591&restaurant_id=150159552&category_id=511805108\",\"sku_id\":\"200000028671581289\",\"specs\":[],\"stock\":9949,\"total_discount_amount\":0,\"total_price\":22},{\"act_tags\":[],\"activities\":[],\"attrs\":[],\"beyond_time_peroid\":0,\"category_id\":1,\"discount_amount\":0,\"garnish\":[],\"group_id\":1229874117,\"id\":1261734062,\"image_hash\":\"5684b921c618e0c77b3d615fd54e2370jpeg\",\"is_sold_out\":0,\"is_understock\":0,\"is_valid\":1,\"min_purchase_quantity\":1,\"name\":\"腐竹烧肉煲仔饭+美年达+荷包蛋-大份\",\"new_specs\":[{\"name\":\"规格\",\"value\":\"大份\"}],\"price\":26,\"quantity\":1,\"scheme\":\"eleme://catering?target_food_id=1261734062&restaurant_id=150159552&category_id=1229874117\",\"sku_id\":\"200000063215679593\",\"specs\":[\"大份\"],\"stock\":10000,\"total_discount_amount\":0,\"total_price\":26},{\"act_tags\":[],\"activities\":[{\"category_id\":11,\"icon\":{\"color\":\"#FAA43C\",\"name\":\"折\"},\"id\":1217329002,\"max_quantity\":1,\"name\":\"单品折扣\",\"original_price\":-24.36,\"price\":-24.36,\"quantity\":1,\"type\":1}],\"attrs\":[],\"beyond_time_peroid\":0,\"category_id\":1,\"discount_amount\":0,\"garnish\":[],\"group_id\":1229874117,\"id\":1261728049,\"image_hash\":\"97b18f98c6dcc18d458d0da6a1d08bacjpeg\",\"is_sold_out\":0,\"is_understock\":0,\"is_valid\":1,\"min_purchase_quantity\":1,\"name\":\"小炒肉煲仔饭+荷包蛋+王老吉\",\"new_specs\":[],\"price\":42,\"quantity\":1,\"scheme\":\"eleme://catering?target_food_id=1261728049&restaurant_id=150159552&category_id=1229874117\",\"sku_id\":\"200000063209522281\",\"specs\":[],\"stock\":9982,\"total_discount_amount\":0,\"total_price\":42},{\"act_tags\":[],\"activities\":[],\"attrs\":[],\"beyond_time_peroid\":0,\"category_id\":1,\"discount_amount\":0,\"garnish\":[],\"group_id\":1229874117,\"id\":1261735103,\"image_hash\":\"8e5bddca6b8de5562cbe839e5e8bcd1ajpeg\",\"is_sold_out\":0,\"is_understock\":0,\"is_valid\":1,\"min_purchase_quantity\":1,\"name\":\"外婆菜烧肥肠煲仔饭+鸡排+可乐\",\"new_specs\":[],\"price\":28,\"quantity\":3,\"scheme\":\"eleme://catering?target_food_id=1261735103&restaurant_id=150159552&category_id=1229874117\",\"sku_id\":\"200000063216745577\",\"specs\":[],\"stock\":10000,\"total_discount_amount\":0,\"total_price\":84},{\"act_tags\":[],\"activities\":[],\"attrs\":[],\"beyond_time_peroid\":0,\"category_id\":1,\"discount_amount\":0,\"garnish\":[],\"group_id\":1229874117,\"id\":1323602668,\"image_hash\":\"dfe1732d5b190e40f538a9a0883389aajpeg\",\"is_sold_out\":0,\"is_understock\":0,\"is_valid\":1,\"min_purchase_quantity\":1,\"name\":\"香菇滑鸡煲仔饭+鸡排(1份)+阿萨姆\",\"new_specs\":[],\"price\":40,\"quantity\":3,\"scheme\":\"eleme://catering?target_food_id=1323602668&restaurant_id=150159552&category_id=1229874117\",\"sku_id\":\"200000126569132137\",\"specs\":[],\"stock\":10000,\"total_discount_amount\":0,\"total_price\":120}]],\"ingredient_group\":[],\"is_address_too_far\":0,\"max_weight\":10000000,\"minimum_order_amount\":13,\"original_total\":1024.5,\"package_group\":[],\"restaurant\":{\"address\":\"九江市浔阳区庐山路130号3栋102（交警大队宿舍）\",\"closing_remain_seconds\":0,\"id\":150159552,\"image_path\":\"a9b23fc141f2783e70afe98be19e420cjpeg\",\"is_closed\":0,\"is_fengniao\":0,\"name\":\"想你煲仔饭\",\"next_business_time\":\"\",\"only_use_poi\":0,\"phone\":\"15720981229 13627022880\",\"scheme\":\"eleme://catering?restaurant_id=150159552\",\"status\":1,\"type\":0},\"total\":954.38,\"total_weight\":101,\"tying_sku_group\":[]},\"checkout_button\":{\"action\":\"checkout\",\"text\":\"去结算\"},\"checkout_button_v2\":{\"action\":\"checkout\",\"text\":\"去结算\"},\"is_pindan_available\":true,\"item_promotion_cell\":[],\"shop_promotion_cell\":[{\"add_on_pop_up_tip\":\"已减70.12元\",\"content\":[{\"color\":\"333333\",\"text\":\"已减70.12元\"}],\"relate_activity_id\":0,\"relate_sku_ids\":[]}],\"theme\":{\"add_on_button_color\":\"2395ff\",\"cart_background_icon\":{\"color\":\"FA3D3D3F\"},\"checkout_button_icon\":{\"color\":\"58d178\"},\"price_color\":\"ff5339\",\"theme_color\":\"2395ff\"},\"toasts\":[]}"
}
